<?xml version="1.0" encoding="UTF-8" standalone="yes"?>
<addon id="repository.nolimitv" name="[COLOR white]NoLimi[/COLOR][COLOR FF028ddd]TV[/COLOR] [COLOR white]Repo[/COLOR]" version="1.0.9" provider-name="NoLimiTV.com">
	<requires>
		<import addon="xbmc.addon" version="12.0.0"/>
	</requires>
	<extension point="xbmc.addon.repository" name="NoLimiTV Repo">
		<dir minversion="18.0.0">
			<info>https://raw.githubusercontent.com/NoLimiTV/Repo18/master/addons.xml</info>
			<checksum>https://raw.githubusercontent.com/NoLimiTV/Repo18/master/addons.xml.md5</checksum>
			<datadir zip="true">https://raw.githubusercontent.com/NoLimiTV/Repo18/master/</datadir>
		</dir>	
	</extension>
    <extension point="xbmc.addon.metadata">
        <summary>NoLimiTV - Watch for the B-E-S-T!</summary>
        <description>
		For Support Visit NoLimiTV.com ,Become a member today, visit: NoLimiTV.com
		</description>
        <platform>all</platform>
    </extension>
</addon>