<?xml version="1.0" encoding="UTF-8" standalone="yes"?>
<addon id="service.subtitles.nolimitv" name="NoLimiTV Subs" version="1.0.8" provider-name="NoLimiTV">
  <requires>
    <import addon="xbmc.python" version="2.14.0"/>
	<import addon="script.module.requests" version="2.9.1" />
  </requires>
  <extension point="xbmc.subtitle.module" library="service.py"/>
  <extension point="xbmc.addon.metadata">
    <summary lang="en">NoLimiTV - Subtitles</summary>
	<description>
	Facebook Page and Support Group @NoLimiTV. Become a member today, visit: NoLimiTV.com
	</description>
	<platform>all</platform>
	</extension>
</addon>
