<?xml version="1.0" encoding="UTF-8" standalone="yes"?>
<addon id="program.nolimitv" version="4.1.4" name="[COLOR white]NoLimiTV[/COLOR] Kodi 18" provider-name="NoLimiTV">
	<requires>
		<import addon="xbmc.python" version="2.26.0"/>
		<import addon="script.module.requests"/>
		<import addon="script.myaddon.artwork"/>
	</requires>
	<extension point="xbmc.python.pluginsource" library="default.py">
		<provides>video</provides>
	</extension>
	<extension point="xbmc.service" library="service.py"/>
	<extension point="xbmc.addon.metadata">
		<summary>NoLimiTV</summary>
		<description>
		For Support Visit NoLimiTV.com ,Become a member today, visit: NoLimiTV.com
		</description>
		<platform>all</platform>
	</extension>
</addon>
